c1;2030 challenge;NA;2030 Herausforderung;NA;Défi 2030;NA;sfida del 2030;NA
c2;acea agreement;NA;Acea Vereinbarung;NA;accord acea;NA;accordo acea;NA
c3;air pollution;NA;Luftverschmutzung;NA;pollution de l'air;NA;inquinamento dell'aria;NA
c4;air source heat pump;NA;Luftwärmepumpe;NA;pompe à chaleur à air;NA;pompa di calore a fonte d'aria;NA
c5;alpine convention;NA;alpine Konvention;NA;convention alpine;NA;convenzione alpina;NA
c6;arctic resources race;NA;arktische Ressourcen rennen;NA;course aux ressources arctiques;NA;corsa alle risorse artiche;NA
c7;atmospheric pollution;NA;Atmosphärische Verschmutzung;NA;pollution atmosphérique;NA;inquinamento atmosferico;NA
c8;autonomous building;NA;autonomes Gebäude;NA;bâtiment autonome;NA;edificio autonomo;NA
c9;azolla event;NA;Azolla-Ereignis;NA;événement azolla;NA;evento azolla;NA
c10;battery electric bus;NA;Batterie elektrischer Bus;NA;bus électrique à batterie;NA;autobus elettrico a batteria;NA
c11;bioenergy;NA;Bioenergie;NA;bioénergie;NA;bioenergia;NA
c12;biofuel;NA;Biotreibstoff;NA;biocarburant;NA;biocarburante;NA
c13;biogas;NA;Biogas;NA;biogaz;NA;biogas;NA
c14;bluecity;NA;Bluecity;NA;bluecity;NA;bluecity;NA
c15;building airtightness;NA;Luftdichtheit aufbauen;NA;étanchéité des bâtiments;NA;ermeticità dell'edificio;NA
c16;building performance;NA;Gebäudeleistung;NA;performance des bâtiments;NA;prestazioni dell'edificio;NA
c17;c02;NA;c02;NA;c02;NA;c02;NA
c18;cap and dividend;NA;Kappe und Dividende;NA;plafond et dividende;NA;cap e dividendo;NA
c19;cap and share;NA;Kappe und teilen;NA;cap and share;NA;tappo e azione;NA
c20;carbon accounting;NA;Kohlenstoffbilanzierung;NA;comptabilité carbone;NA;contabilità del carbonio;NA
c21;carbon audit;NA;Kohlenstoffaudit;NA;audit carbone;NA;audit del carbonio;NA
c22;carbon credit;NA;Kohlenstoffkredit;NA;crédit carbone;NA;credito di carbonio;NA
c23;carbon dioxide;NA;Kohlendioxid;NA;dioxyde de carbone;NA;anidride carbonica;NA
c24;carbon dioxide equivalent;NA;Kohlendioxidäquivalent;NA;équivalent dioxyde de carbone;NA;biossido di carbonio equivalente;NA
c25;carbon dioxide flooding;NA;Kohlendioxidflutung;NA;inondation de dioxyde de carbone;NA;inondazione di biossido di carbonio;NA
c26;carbon dioxide removal;NA;Kohlendioxidentfernung;NA;élimination du dioxyde de carbone;NA;rimozione del biossido di carbonio;NA
c27;carbon dividend;NA;Kohlenstoffdividende;NA;dividende carbone;NA;dividendo di carbonio;NA
c28;carbon emission;NA;Kohlenstoffemission;NA;émission de carbone;NA;emissione di carbonio;NA
c29;carbon fee;NA;CO2-Gebühr;NA;redevance carbone;NA;tassa sul carbonio;NA
c30;carbon finance;NA;CO2-Finanzierung;NA;finance carbone;NA;finanza del carbonio;NA
c31;carbon footprint;NA;CO2-Fußabdruck;NA;empreinte carbone;NA;impronta di carbonio;NA
c32;carbon leakage;NA;Kohlenstoffleckage;NA;fuite de carbone;NA;perdita di carbonio;NA
c33;carbon monitoring;NA;Kohlenstoffüberwachung;NA;suivi du carbone;NA;monitoraggio del carbonio;NA
c34;carbon neutral fuel;NA;klimaneutraler Kraftstoff;NA;carburant neutre en carbone;NA;carburante neutro al carbonio;NA
c35;carbon neutrality coalition;NA;Koalition der Kohlenstoffneutralität;NA;coalition pour la neutralité carbone;NA;coalizione per la neutralità del carbonio;NA
c36;carbon offset;NA;"Kohlenstoffreduktion; ""Kohlendioxid Reduktion";NA;compensation carbone;NA;compensazione del carbonio;NA
c37;carbon pollution reduction scheme;NA;System zur Reduzierung der Kohlenstoffverschmutzung;NA;système de réduction de la pollution par le carbone;NA;schema di riduzione dell'inquinamento da carbonio;NA
c38;carbon profiling;NA;Kohlenstoffprofilierung;NA;profilage du carbone;NA;profilo del carbonio;NA
c39;carbon rationing;NA;Kohlenstoffrationierung;NA;rationnement du carbone;NA;razionamento del carbonio;NA
c40;carbon reduction;NA;Kohlenstoffreduktion;NA;réduction du carbone;NA;riduzione del carbonio;NA
c41;carbon retirement;NA;Kohlenstoff-Ruhestand;NA;retraite carbone;NA;ritiro del carbonio;NA
c42;carbon shifting;NA;Kohlenstoffverschiebung;NA;transfert de carbone;NA;trasferimento del carbonio;NA
c43;carbon tax;NA;Kohlenstoffsteuer;NA;taxe carbone;NA;tassa sul carbonio;NA
c44;carbon trade watch;NA;Carbon Trade Watch;NA;surveillance du commerce du carbone;NA;orologio del commercio del carbonio;NA
c45;cavity wall insulation;NA;Hohlwanddämmung;NA;isolation des murs creux;NA;isolamento delle cavità murarie;NA
c46;certified emission reduction;NA;zertifizierte Emissionsminderung;NA;réduction certifiée des émissions;NA;riduzione certificata delle emissioni;NA
c47;changing climate;NA;Klima ändern;NA;changement climatique;NA;cambiamento del clima;NA
c48;changing weather patterns;NA;wechselnde Wettermuster;NA;changement de climat;NA;cambiamento dei modelli meteorologici;NA
c49;chicago climate exchange;NA;Chicago Klimaaustausch;NA;chicago climate exchange;NA;borsa del clima di chicago;NA
c50;citizens' climate lobby;NA;Bürgerklima-Lobby;NA;lobby climatique des citoyens;NA;lobby dei cittadini per il clima;NA
c51;climate action;NA;Klimaschutz;NA;action climatique;NA;azione per il clima;NA
c52;climate adaptation;NA;Klimaanpassung;NA;adaptation climatique;NA;adattamento al clima;NA
c53;climate alliance;NA;Klima-Allianz;NA;alliance climatique;NA;alleanza per il clima;NA
c54;climate bond;NA;Klimabindung;NA;obligation climatique;NA;legame sul clima;NA
c55;climate capitalism;NA;Klimakapitalismus;NA;capitalisme climatique;NA;capitalismo del clima;NA
c56;climate change;NA;Klimawandel;NA;changement climatique;NA;cambiamento climatico;NA
c57;climate change adaptation;NA;Anpassung an den Klimawandel;NA;adaptation au changement climatique;NA;adattamento al cambiamento climatico;NA
c58;climate change denial;NA;Verweigerung des Klimawandels;NA;déni du changement climatique;NA;negazione del cambiamento climatico;NA
c59;climate change management;NA;Management des Klimawandels;NA;gestion du changement climatique;NA;gestione del cambiamento climatico;NA
c60;climate change mitigation;NA;Klimaschutz;NA;atténuation du changement climatique;NA;mitigazione del cambiamento climatico;NA
c61;climate change planning;NA;Planung des Klimawandels;NA;planification du changement climatique;NA;pianificazione del cambiamento climatico;NA
c62;climate change policy;NA;Klimapolitik;NA;politique de changement climatique;NA;politica del cambiamento climatico;NA
c63;climate change, industry and society;NA;Klimawandel, Industrie und Gesellschaft;NA;changement climatique, industrie et société;NA;cambiamento climatico, industria e società;NA
c64;climate crisis;NA;Klimakrise;NA;crise climatique;NA;crisi del clima;NA
c65;climate debt;NA;Klimaschuld;NA;dette climatique;NA;debito climatico;NA
c66;climate early warning;NA;Klima Frühwarnung;NA;alerte précoce sur le climat;NA;allarme precoce del clima;NA
c67;climate engineering;NA;Klimatechnik;NA;ingénierie climatique;NA;ingegneria del clima;NA
c68;climate ethics;NA;Klimaethik;NA;éthique du climat;NA;etica del clima;NA
c69;climate hazard;NA;Klimagefahr;NA;risque climatique;NA;pericolo climatico;NA
c70;climate impact;NA;Klimaauswirkungen;NA;impact climatique;NA;impatto del clima;NA
c71;climate inertia;NA;Klimaträgheit;NA;inertie climatique;NA;inerzia del clima;NA
c72;climate justice;NA;Klimagerechtigkeit;NA;justice climatique;NA;giustizia climatica;NA
c73;climate law and governance initiative;NA;Klimaschutz- und Governance-Initiative;NA;initiative sur le droit et la gouvernance du climat;NA;iniziativa sul diritto e la governance del clima;NA
c74;climate mitigation;NA;Klimaschutz;NA;atténuation du climat;NA;mitigazione del clima;NA
c75;climate policy;NA;Klimapolitik;NA;politique climatique;NA;politica climatica;NA
c76;climate refugees;NA;Klimaflüchtlinge;NA;réfugiés climatiques;NA;rifugiati del clima;NA
c77;climate registry;NA;Klimaregister;NA;registre climatique;NA;registro del clima;NA
c78;climate resilience;NA;Klimaresilienz;NA;résilience climatique;NA;resilienza climatica;NA
c79;climate restoration;NA;Wiederherstellung des Klimas;NA;restauration du climat;NA;ripristino del clima;NA
c80;climate risk;NA;Klimarisiko;NA;risque climatique;NA;rischio climatico;NA
c81;climate security;NA;Klimasicherheit;NA;sécurité climatique;NA;sicurezza del clima;NA
c82;climate warming;NA;Klimaerwärmung;NA;réchauffement climatique;NA;riscaldamento climatico;NA
c83;climate-smart agriculture;NA;klimafreundliche Landwirtschaft;NA;agriculture intellig du climat;NA;agricoltura intelligente per il clima;NA
c84;climatic change;NA;Klimawandel;NA;changement climatique;NA;cambiamento climatico;NA
c85;co2 emission;NA;CO2-Emission;NA;émission de co2;NA;emissione di co2;NA
c86;coal-fired power station;NA;Kohlekraftwerk;NA;centrale électrique au charbon;NA;centrale a carbone;NA
c87;coastal adaptation;NA;Küstenanpassung;NA;adaptation des côtes;NA;adattamento costiero;NA
c88;coastal erosion;NA;Küstenerosion;NA;l'érosion côtière;NA;erosione costiera;NA
c89;coastal flooding;NA;Überschwemmungen an der Küste;NA;inondations côtières;NA;inondazione costiera;NA
c90;committee on climate change;NA;Ausschuss für Klimawandel;NA;commission sur le changement climatique;NA;commissione sul cambiamento climatico;NA
c91;contamination;NA;Kontamination;NA;contamination;NA;contaminazione;NA
c92;contraction and convergence;NA;Kontraktion und Konvergenz;NA;contraction et convergence;NA;contrazione e convergenza;NA
c93;coral bleaching;NA;Korallenbleiche;NA;blanchiment des coraux;NA;sbiancamento dei coralli;NA
c94;cyclone;NA;Zyklon;NA;cyclone;NA;ciclone;NA
c95;cyclonic niño;NA;Zyklon Niño;NA;niño cyclonique;NA;niño ciclonico;NA
c96;daylight harvesting;NA;Tageslichternte;NA;récolte de la lumière du jour;NA;raccolta della luce del giorno;NA
c97;disaster management;NA;Katastrophenmanagement;NA;la gestion des catastrophes;NA;gestione dei disastri;NA
c98;disaster resilience;NA;Katastrophenresilienz;NA;résilience aux catastrophes;NA;resilienza ai disastri;NA
c99;disaster risk reduction;NA;Reduzierung des Katastrophen-Risikos;NA;réduction des risques de catastrophes;NA;riduzione del rischio di disastri;NA
c100;double envelope house;NA;Doppelumschlag Haus;NA;maison à double enveloppe;NA;casa a doppio involucro;NA
c101;double glazing;NA;Doppelverglasung;NA;double vitrage;NA;doppi vetri;NA
c102;droughts;NA;Dürren;NA;sécheresses;NA;siccità;NA
c103;earth hour;NA;Erdstunde;NA;heure de la terre;NA;ora della terra;NA
c104;earthquake;NA;Erdbeben;NA;tremblement de terre;NA;terremoto;NA
c105;ecocapsule;NA;Ökokapsel;NA;écocapsule;NA;ecocapsula;NA
c106;ecological engineering;NA;ökologische Technik;NA;ingénierie écologique;NA;ingegneria ecologica;NA
c107;ecomechatronics;NA;ecomechatronics;NA;ecomechatronics;NA;ecomeccatronica;NA
c108;economic impacts of climate change;NA;wirtschaftliche Auswirkungen des Klimawandels;NA;impacts économiques du changement climatique;NA;impatti economici del cambiamento climatico;NA
c109;efficient energy use;NA;effizienter Energieverbrauch;NA;utilisation efficace de l'énergie;NA;uso efficiente dell'energia;NA
c110;el niño;NA;el niño;NA;el niño;NA;el niño;NA
c111;electric aircraft;NA;Elektroflugzeuge;NA;avion électrique;NA;aereo elettrico;NA
c112;electric energy consumption;NA;Stromverbrauch;NA;consommation d'énergie électrique;NA;consumo di energia elettrica;NA
c113;electric vehicle;NA;elektrisches Fahrzeug;NA;véhicule électrique;NA;veicolo elettrico;NA
c114;electromagnetic propulsion;NA;elektromagnetischer Antrieb;NA;propulsion électromagnétique;NA;propulsione elettromagnetica;NA
c115;embedded emissions;NA;eingebettete Emissionen;NA;émissions intégrées;NA;emissioni integrate;NA
c116;emission reduction unit;NA;Emissionsminderungseinheit;NA;unité de réduction d'émissions;NA;unità di riduzione delle emissioni;NA
c117;emissions trading;NA;Emissionshandel;NA;échange de droits d'émission;NA;scambio di emissioni;NA
c118;energy audit;NA;Energieaudit;NA;audit énergétique;NA;audit energetico;NA
c119;energy certificate;NA;Energiezertifikat;NA;certificat énergétique;NA;certificato energetico;NA
c120;energy charter treaty;NA;Energiecharta-Vertrag;NA;charte de l'énergie;NA;trattato sulla carta dell'energia;NA
c121;energy conservation;NA;Energieeinsparung;NA;conservation de l'énergie;NA;conservazione dell'energia;NA
c122;energy democracy;NA;Energiedemokratie;NA;démocratie énergétique;NA;democrazia energetica;NA
c123;energy efficiency;NA;Energieeffizienz;NA;efficacité énergétique;NA;efficienza energetica;NA
c124;energy efficiency implementation;NA;Umsetzung der Energieeffizienz;NA;mise en oeuvre de l'efficacité énergétique;NA;implementazione dell'efficienza energetica;NA
c125;energy efficiency transport;NA;Energieeffizienz Transport;NA;efficacité énergétique transport;NA;trasporto di efficienza energetica;NA
c126;energy efficient mortgage;NA;energieeffiziente Hypothek;NA;hypothèque économe en énergie;NA;mutuo ad alta efficienza energetica;NA
c127;energy efficient transformer;NA;energieeffizienter Transformator;NA;transformateur économe en énergie;NA;trasformatore ad alta efficienza energetica;NA
c128;energy management;NA;Energiemanagement;NA;gestion de l'énergie;NA;gestione dell'energia;NA
c129;energy management;NA;Energiemanagement;NA;gestion de l'énergie;NA;gestione dell'energia;NA
c130;energy policy;NA;Energiepolitik;NA;politique énergétique;NA;politica energetica;NA
c131;energy poverty;NA;Energiearmut;NA;pauvreté énergétique;NA;povertà energetica;NA
c132;energy rating label;NA;Energieeffizienzklasse;NA;étiquette d'évaluation énergétique;NA;etichetta energetica;NA
c133;energy recovery;NA;Energierückgewinnung;NA;récupération de l'énergie;NA;recupero di energia;NA
c134;energy recycling;NA;Energierecycling;NA;recyclage de l'énergie;NA;riciclaggio di energia;NA
c135;energy service company;NA;Energiedienstleistungsunternehmen;NA;entreprise de services énergétiques;NA;società di servizi energetici;NA
c136;energy tax;NA;Energiesteuer;NA;taxe sur l'énergie;NA;tassa sull'energia;NA
c137;energy transition;NA;Energiewende;NA;transition énergétique;NA;transizione energetica;NA
c138;energy-efficient driving;NA;energieeffizientes Fahren;NA;conduite économe en énergie;NA;guida efficiente dal punto di vista energetico;NA
c139;energy-efficient landscaping;NA;Energieeffiziente Landschaftsgestaltung;NA;énergie renouvelable;NA;paesaggisticamente efficiente dal punto di vista energetico;NA
c140;environmental burden;NA;Umweltbelastung;NA;charge environnementale;NA;onere ambientale;NA
c141;environmental change;NA;Umweltveränderungen;NA;changement environnemental;NA;cambiamento ambientale;NA
c142;environmental footprint;NA;ökologischer Fußabdruck;NA;empreinte environnementale;NA;impronta ambientale;NA
c143;environmental impact;NA;Umweltbelastung;NA;impact environnemental;NA;impatto ambientale;NA
c144;environmental pollution;NA;Umweltverschmutzung;NA;pollution environnementale;NA;inquinamento ambientale;NA
c145;estuarine acidification;NA;Mündungsversauerung;NA;acidification estuarienne;NA;acidificazione degli estuari;NA
c146;extreme climatic events;NA;extreme klimatische Ereignisse;NA;événements climatiques extrêmes;NA;eventi climatici estremi;NA
c147;extreme weather;NA;extremes Wetter;NA;climat extrême;NA;tempo estremo;NA
c148;facility management;NA;Facility Management;NA;gestion des installations;NA;gestione degli impianti;NA
c149;financial incentives for photovoltaics;NA;finanzielle Anreize für die Photovoltaik;NA;incitations financières pour le photovoltaïque;NA;incentivi finanziari per il fotovoltaico;NA
c150;flood events;NA;Hochwasserereignisse;NA;inondations;NA;eventi alluvionali;NA
c151;floods;NA;Überschwemmungen;NA;inondations;NA;inondazioni;NA
c152;fluorinated gas;NA;fluoriertes Gas;NA;gaz fluorés;NA;gas fluorurati;NA
c153;fossil fuel phase-out;NA;Ausstieg aus fossilen Brennstoffen;NA;élimination progressive des combustibles fossiles;NA;eliminazione graduale dei combustibili fossili;NA
c154;fuel cell vehicle;NA;Brennstoffzellenfahrzeug;NA;véhicule à pile à combustible;NA;veicolo a celle a combustibile;NA
c155;fuel saving device;NA;Kraftstoff sparende Vorrichtung;NA;dispositif d'économie de carburant;NA;dispositivo di risparmio di carburante;NA
c156;gas-fired power plant;NA;Gaskraftwerk;NA;centrale à gaz;NA;centrale elettrica a gas;NA
c157;geoengineering;NA;Geoengineering;NA;géo-ingénierie;NA;geoingegneria;NA
c158;ghg;NA;ghg;NA;ghg;NA;ghg;NA
c159;glacier mass balance;NA;Gletschermassenbilanz;NA;bilan massique des glaciers;NA;bilancio di massa del ghiacciaio;NA
c160;global climate regime;NA;globales Klimaregime;NA;régime climatique global;NA;regime climatico globale;NA
c161;global mean temperature;NA;globale mittlere Temperatur;NA;température moyenne mondiale;NA;temperatura media globale;NA
c162;global strategic petroleum reserves;NA;globale strategische Erdölreserven;NA;réserves stratégiques mondiales de pétrole;NA;riserve strategiche globali di petrolio;NA
c163;global temperature;NA;globale Temperatur;NA;température mondiale;NA;temperatura globale;NA
c164;global terrestrial stilling;NA;globale terrestrische Stille;NA;alambic terrestre global;NA;stillicidio globale terrestre;NA
c165;global warming;NA;globale Erwärmung;NA;réchauffement planétaire;NA;riscaldamento globale;NA
c166;global-mean temperature;NA;globale Durchschnittstemperatur;NA;température moyenne globale;NA;temperatura media globale;NA
c167;green building;NA;grünes Gebäude;NA;bâtiment vert;NA;edificio verde;NA
c168;green climate fund;NA;grüner Klimafonds;NA;fonds vert pour le climat;NA;fondo verde per il clima;NA
c169;green deal;NA;Green Deal;NA;marché vert;NA;accordo verde;NA
c170;green economy;NA;grüne Ökonomie;NA;économie verte;NA;economia verde;NA
c171;green home;NA;grünes Zuhause;NA;maison verte;NA;casa verde;NA
c172;green house gas;NA;Treibhausgase;NA;gaz à effet de serre;NA;gas serra;NA
c173;green infrastructure;NA;grüne Infrastruktur;NA;infrastructure verte;NA;infrastruttura verde;NA
c174;green initiative;NA;grüne Initiative;NA;initiative verte;NA;iniziativa verde;NA
c175;green new deal;NA;grüner neuer Deal;NA;nouvelle donne verte;NA;new deal verde;NA
c176;green retrofit;NA;grüne Nachrüstung;NA;rénovation verte;NA;retrofit verde;NA
c177;greenhouse debt;NA;Gewächshausschulden;NA;dette à effet de serre;NA;debito serra;NA
c178;greenhouse development rights;NA;Gewächshausentwicklungsrechte;NA;droits de développement de l'effet de serre;NA;diritti di sviluppo a effetto serra;NA
c179;greenhouse effect;NA;Treibhauseffekt;NA;effet de serre;NA;effetto serra;NA
c180;greenhouse emission;NA;Treibhausgasemission;NA;émission de gaz à effet de serre;NA;emissione a effetto serra;NA
c181;greenhouse gas;NA;Treibhausgase;NA;gaz à effet de serre;NA;gas serra;NA
c182;greenhouse-gas emissions;NA;Treibhausgasemissionen;NA;émission de gaz à effet de serre;NA;emissioni di gas a effetto serra;NA
c183;ground-coupled heat exchanger;NA;erdgekoppelter Wärmetauscher;NA;échangeur de chaleur couplé au sol;NA;scambiatore di calore accoppiato a terra;NA
c184;hall-effect thruster;NA;Hall-Effekt-Triebwerk;NA;propulseur à effet de hall;NA;propulsore ad effetto Hall;NA
c185;hartwell paper;NA;Hartwell-Papier;NA;papier hartwell;NA;carta Hartwell;NA
c186;hazards;NA;Gefahren;NA;risques;NA;pericoli;NA
c187;heat wave;NA;Hitzewelle;NA;ondata di caldo;NA;ondata di calore;NA
c188;heavy rain;NA;Starkregen;NA;forte pluie;NA;pioggia forte;NA
c189;home energy upgrades from public utilities;NA;Hausenergie-Upgrades von öffentlichen Versorgungsunternehmen;NA;amélioration de l'efficacité énergétique des maisons par les services publics;NA;potenziamenti energetici per la casa da parte dei servizi pubblici;NA
c190;hurricane;NA;Hurrikan;NA;ouragan;NA;uragano;NA
c191;ice–albedo feedback;NA;Eis-Albedo-Feedback;NA;rétroaction ice-albedo;NA;feedback di ghiaccio-albedo;NA
c192;ilulissat declaration;NA;ilulissat Erklärung;NA;déclaration d'ilulissat;NA;dichiarazione ilulissat;NA
c193;insulated glazing;NA;Isolierverglasung;NA;vetri isolanti;NA;vetri isolati;NA
c194;international carbon action partnership;NA;internationale CO2-Aktionspartnerschaft;NA;partenariato internazionale per l'azione sul carbonio;NA;partenariato internazionale per l'azione sul carbonio;NA
c195;inundation;NA;Überschwemmung;NA;inondation;NA;inondazione;NA
c196;kyoto protocol;NA;Kyoto-Protokoll;NA;protocole de kyoto;NA;protocollo di kyoto;NA
c197;land subsidence;NA;Bodensenkungen;NA;affaissement de terrain;NA;subsidenza del terreno;NA
c198;leipzig declaration;NA;Leipziger Erklärung;NA;déclaration de leipzig;NA;dichiarazione di lipsia;NA
c199;low carbon;NA;wenig Kohlenstoff;NA;faible teneur en carbone;NA;basso contenuto di carbonio;NA
c200;low-carbon building;NA;kohlenstoffarmes Gebäude;NA;bâtiment à faible émission de carbone;NA;edificio a basso contenuto di carbonio;NA
c201;low-carbon city;NA;kohlenstoffarme Stadt;NA;città a basse emissioni di carbonio;NA;città a basse emissioni di carbonio;NA
c202;low-carbon development;NA;kohlenstoffarme Entwicklung;NA;développement à faible émission de carbone;NA;sviluppo a basse emissioni di carbonio;NA
c203;low-carbon economy;NA;kohlenstoffarme Wirtschaft;NA;économie à faible émission de carbone;NA;economia a basso contenuto di carbonio;NA
c204;low-carbon society;NA;kohlenstoffarme Gesellschaft;NA;société à faible émission de carbone;NA;società a basse emissioni di carbonio;NA
c205;low-carbon tourism;NA;kohlenstoffarmer Tourismus;NA;tourisme à faible émission de carbone;NA;turismo a bassa emissione di carbonio;NA
c206;low-energy house;NA;Niedrigenergiehaus;NA;maison à faible consommation d'énergie;NA;casa a bassa energia;NA
c207;maglev;NA;Magnetschwebebahn;NA;maglev;NA;maglev;NA
c208;magnetic sail;NA;Magnetsegel;NA;voile magnétique;NA;vela magnetica;NA
c209;marine cloud brightening;NA;Aufhellung der Meereswolke;NA;éclaircissement des nuages marins;NA;schiarimento di nuvole marine;NA
c210;marine energy management;NA;Meeresenergiemanagement;NA;gestion de l'énergie marine;NA;gestione dell'energia marina;NA
c211;meat tax;NA;Fleischsteuer;NA;taxe sur la viande;NA;tassa sulla carne;NA
c212;mediterranean tropical-like cyclone;NA;mediterraner tropischer Zyklon;NA;cyclone méditerranéen de type tropical;NA;ciclone tropicale mediterraneo;NA
c213;methane emissions;NA;Methanemissionen;NA;emissioni di metano;NA;emissioni di metano;NA
c214;mobile emission reduction credit;NA;Gutschrift zur Reduzierung mobiler Emissionen;NA;credito per la riduzione delle emissioni mobili;NA;credito di riduzione delle emissioni mobili;NA
c215;national risk reduction strategy;NA;nationale Risikominderungsstrategie;NA;strategia nazionale di riduzione del rischio;NA;strategia nazionale di riduzione del rischio;NA
c216;natural disaster;NA;Naturkatastrophe;NA;catastrophe naturelle;NA;disastro naturale;NA
c217;new energy;NA;neue Energie;NA;nouvelle énergie;NA;nuova energia;NA
c218;nitrous oxide;NA;Lachgas;NA;oxyde nitreux;NA;protossido di azoto;NA
c219;nuclear decommissioning;NA;nukleare Stilllegung;NA;déclassement nucléaire;NA;smantellamento nucleare;NA
c220;ocean acidification;NA;Ozeanversauerung;NA;acidification des océans;NA;acidificazione dell'oceano;NA
c221;ocean warming;NA;Erwärmung des Ozeans;NA;réchauffement des océans;NA;riscaldamento dell'oceano;NA
c222;open energy modelling initiative;NA;Open Energy Modeling Initiative;NA;initiative de modélisation de l'énergie ouverte;NA;iniziativa di modellazione dell'energia aperta;NA
c223;open polar sea;NA;offenes Polarmeer;NA;mer polaire ouverte;NA;mare polare aperto;NA
c224;orbiting carbon observatory;NA;umlaufendes Kohlenstoffobservatorium;NA;observatoire orbital du carbone;NA;osservatorio orbitante del carbonio;NA
c225;paris agreement;NA;Pariser Vereinbarung;NA;accord de paris;NA;accordo di parigi;NA
c226;passive cooling;NA;passive Kühlung;NA;refroidissement passif;NA;raffreddamento passivo;NA
c227;peak oil;NA;Ölfördermaximum;NA;pic pétrolier;NA;picco del petrolio;NA
c228;permafrost;NA;Permafrost;NA;permafrost;NA;permafrost;NA
c229;personal carbon credit;NA;persönlicher CO2-Kredit;NA;crédit carbone personnel;NA;credito personale di carbonio;NA
c230;personal carbon trading;NA;persönlicher Kohlenstoffhandel;NA;échange de carbone personnel;NA;scambio personale di carbonio;NA
c231;petrocurrency;NA;petrocurrency;NA;pétrodollar;NA;petrodollaro;NA
c232;petrodollar recycling;NA;Petrodollar-Recycling;NA;riciclaggio del petrodollaro;NA;riciclaggio del petrodollaro;NA
c233;petrodollar warfare;NA;Petrodollar-Krieg;NA;guerra dei petrodollari;NA;guerra del petrodollaro;NA
c234;petroleum politics;NA;Erdölpolitik;NA;politique pétrolière;NA;politica del petrolio;NA
c235;petroyuan;NA;Petroyuan;NA;petroyuan;NA;petroyuan;NA
c236;phase-out of fossil fuel vehicles;NA;Ausstieg aus Fahrzeugen mit fossilen Brennstoffen;NA;élimination progressive des véhicules à carburant fossile;NA;eliminazione graduale dei veicoli a combustibile fossile;NA
c237;political economy of climate change;NA;politische Ökonomie des Klimawandels;NA;economia politica del cambiamento climatico;NA;economia politica del cambiamento climatico;NA
c238;pollutant emission;NA;Schadstoffemission;NA;emissioni inquinanti;NA;emissione di sostanze inquinanti;NA
c239;pollution;NA;Verschmutzung;NA;inquinamento;NA;inquinamento;NA
c240;power purchase agreement;NA;Stromabnahmevertrag;NA;contrat d'achat d'électricité;NA;accordo di acquisto di energia elettrica;NA
c241;public interest design;NA;Design von öffentlichem Interesse;NA;progettazione di interesse pubblico;NA;progetto di interesse pubblico;NA
c242;radiative forcing;NA;Strahlungsantrieb;NA;forçage radiatif;NA;forzatura radiativa;NA
c243;reforestation;NA;Wiederaufforstung;NA;reboisement;NA;riforestazione;NA
c244;renewable energy;NA;erneuerbare Energie;NA;énergie renouvelable;NA;energia rinnovabile;NA
c245;renewable heat;NA;erneuerbare Wärme;NA;chaleur renouvelable;NA;calore rinnovabile;NA
c246;responsive architecture;NA;reaktionsschnelle Architektur;NA;architecture réactive;NA;architettura reattiva;NA
c247;rio convention;NA;Rio Convention;NA;convention de rio;NA;convenzione di rio;NA
c248;rising sea level;NA;steigender Meeresspiegel;NA;élévation du niveau de la mer;NA;innalzamento del livello del mare;NA
c249;sea level rise;NA;Meeresspiegel steigt;NA;élévation du niveau de la mer;NA;aumento del livello del mare;NA
c250;sea-level change;NA;Meeresspiegeländerung;NA;changement du niveau de la mer;NA;cambiamento del livello del mare;NA
c251;severe weather;NA;Unwetter;NA;temps violent;NA;tempo severo;NA
c252;shoreline change;NA;Küstenlinienwechsel;NA;changement du littoral;NA;cambiamento della linea di costa;NA
c253;shoreline retreat;NA;Rückzug an der Küste;NA;recul du littoral;NA;ritiro della linea di costa;NA
c254;shutdown of thermohaline circulation;NA;Abschaltung des thermohalinen Kreislaufs;NA;arrêt de la circulation thermohaline;NA;arresto della circolazione termoalina;NA
c255;solar panel;NA;Sonnenkollektor;NA;panneau solaire;NA;pannello solare;NA
c256;storm;NA;Sturm;NA;tempête;NA;tempesta;NA
c257;storm surge;NA;Sturmflut;NA;onde de tempête;NA;ondata di tempesta;NA
c258;sustainable architecture;NA;nachhaltige Architektur;NA;architecture durable;NA;architettura sostenibile;NA
c259;sustainable design;NA;nachhaltiges Design;NA;conception durable;NA;design sostenibile;NA
c260;sustainable development;NA;nachhaltige Entwicklung;NA;développement durable;NA;sviluppo sostenibile;NA
c261;sustainable landscape architecture;NA;nachhaltige Landschaftsarchitektur;NA;architecture de paysage durable;NA;architettura del paesaggio sostenibile;NA
c262;sustainable refurbishment;NA;nachhaltige Sanierung;NA;rénovation durable;NA;ristrutturazione sostenibile;NA
c263;sustainable urban neighbourhood;NA;nachhaltige städtische Nachbarschaft;NA;quartier urbain durable;NA;quartiere urbano sostenibile;NA
c264;temperature change;NA;Temperaturänderung;NA;changement de température;NA;cambiamento di temperatura;NA
c265;temperature increase;NA;Temperaturanstieg;NA;augmentation de la température;NA;aumento della temperatura;NA
c266;thermal energy storage;NA;Speicher für Wärmeenergie;NA;stockage de l'énergie thermique;NA;accumulo di energia termica;NA
c267;tsunami;NA;Tsunami;NA;tsunami;NA;tsunami;NA
c268;typhoons;NA;Taifune;NA;typhons;NA;tifoni;NA
c269;united nations climate change conference;NA;Klimakonferenz der Vereinten Nationen;NA;conférence des nations unies sur le changement climatique;NA;conferenza delle nazioni unite sul cambiamento climatico;NA
c270;weather extremes;NA;Wetterextreme;NA;extrêmes météorologiques;NA;estremi meteorologici;NA
c271;windcatcher;NA;Windfänger;NA;windcatcher;NA;windcatcher;NA
c272;window insulation film;NA;Fensterdämmfolie;NA;film d'isolation des fenêtres;NA;pellicola isolante per finestre;NA
c273;world energy consumption;NA;Weltenergieverbrauch;NA;consommation mondiale d'énergie;NA;consumo mondiale di energia;NA
c274;zero carbon;NA;Null Kohlenstoff;NA;zéro carbone;NA;carbonio zero;NA